date,fajr,sunrise,dhuhr,asr,maghrib,isha,iqamah_fajr,iqamah_dhuhr,iqamah_asr,iqamah_maghrib,iqamah_isha,
2025-01-01,05:40,07:15,12:02,14:20,16:41,18:10,06:20,12:15,14:50,16:51,19:15,
2025-01-02,05:40,07:15,12:02,14:21,16:42,18:11,06:20,12:15,14:51,16:52,19:15,
2025-01-03,05:40,07:15,12:03,14:22,16:43,18:11,06:20,12:15,14:52,16:53,19:15,
2025-01-04,05:40,07:15,12:03,14:23,16:44,18:12,06:20,12:15,14:53,16:54,19:15,
2025-01-05,05:40,07:15,12:03,14:24,16:45,18:13,06:20,12:15,14:54,16:55,19:15,
2025-01-06,05:40,07:15,12:04,14:24,16:46,18:14,06:20,12:15,14:54,16:56,19:15,
2025-01-07,05:40,07:15,12:04,14:25,16:47,18:14,06:20,12:15,14:55,16:57,19:15,
2025-01-08,05:40,07:15,12:05,14:26,16:48,18:15,06:20,12:15,14:56,16:58,19:15,
2025-01-09,05:40,07:15,12:05,14:27,16:49,18:16,06:20,12:15,14:57,16:59,19:15,
2025-01-10,05:40,07:15,12:06,14:28,16:50,18:17,06:20,12:15,14:58,17:00,19:15,
2025-01-11,05:40,07:14,12:06,14:29,16:51,18:18,06:20,12:15,14:59,17:01,19:15,
2025-01-12,05:40,07:14,12:06,14:30,16:52,18:19,06:20,12:15,15:00,17:02,19:15,
2025-01-13,05:40,07:14,12:07,14:31,16:53,18:19,06:20,12:15,15:01,17:03,19:15,
2025-01-14,05:39,07:13,12:07,14:32,16:54,18:20,06:19,12:15,15:02,17:04,19:15,
2025-01-15,05:39,07:13,12:07,14:33,16:55,18:21,06:19,12:15,15:03,17:05,19:15,
2025-01-16,05:39,07:13,12:08,14:34,16:56,18:22,06:19,12:15,15:04,17:06,19:15,
2025-01-17,05:38,07:12,12:08,14:35,16:58,18:23,06:18,12:15,15:05,17:08,19:15,
2025-01-18,05:38,07:12,12:08,14:36,16:59,18:24,06:18,12:15,15:06,17:09,19:15,
2025-01-19,05:37,07:11,12:09,14:37,17:00,18:25,06:17,12:15,15:07,17:10,19:15,
2025-01-20,05:37,07:11,12:09,14:38,17:01,18:26,06:17,12:15,15:08,17:11,19:15,
2025-01-21,05:36,07:10,12:09,14:39,17:02,18:27,06:16,12:15,15:09,17:12,19:15,
2025-01-22,05:36,07:09,12:10,14:40,17:03,18:28,06:16,12:15,15:10,17:13,19:15,
2025-01-23,05:35,07:09,12:10,14:41,17:04,18:29,06:15,12:15,15:11,17:14,19:15,
2025-01-24,05:35,07:08,12:10,14:42,17:06,18:30,06:15,12:15,15:12,17:16,19:15,
2025-01-25,05:34,07:07,12:10,14:43,17:07,18:31,06:14,12:15,15:13,17:17,19:15,
2025-01-26,05:33,07:06,12:10,14:44,17:08,18:32,06:13,13:15,15:14,17:18,19:15,
2025-01-27,05:33,07:06,12:11,14:45,17:09,18:33,06:13,12:15,15:15,17:19,19:15,
2025-01-28,05:32,07:05,12:11,14:46,17:10,18:34,06:12,12:15,15:16,17:20,19:15,
2025-01-29,05:31,07:04,12:11,14:47,17:12,18:35,06:11,12:15,15:17,17:22,19:15,
2025-01-30,05:30,07:03,12:11,14:48,17:13,18:36,06:10,12:15,15:18,17:23,19:15,
2025-01-31,05:29,07:02,12:11,14:49,17:14,18:37,06:09,12:15,15:19,17:24,19:15,
2025-02-01,05:28,07:01,12:11,14:50,17:15,18:38,06:08,12:15,15:20,17:25,19:15,
2025-02-02,05:28,07:00,12:12,14:51,17:16,18:39,06:08,13:15,15:21,17:26,19:15,
2025-02-03,05:27,06:59,12:12,14:52,17:18,18:40,06:07,12:15,15:22,17:28,19:15,
2025-02-04,05:26,06:58,12:12,14:53,17:19,18:41,06:06,12:15,15:23,17:29,19:15,
2025-02-05,05:25,06:57,12:12,14:54,17:20,18:42,06:05,12:15,15:24,17:30,19:15,
2025-02-06,05:24,06:56,12:12,14:55,17:21,18:43,06:04,12:15,15:25,17:31,19:15,
2025-02-07,05:23,06:55,12:12,14:56,17:23,18:44,06:03,12:15,15:26,17:33,19:15,
2025-02-08,05:22,06:54,12:12,14:57,17:24,18:45,06:02,12:15,15:27,17:34,19:15,
2025-02-09,05:21,06:53,12:12,14:58,17:25,18:46,06:01,13:15,15:28,17:35,19:15,
2025-02-10,05:20,06:52,12:12,14:59,17:26,18:47,06:00,12:15,15:29,17:36,19:15,
2025-02-11,05:19,06:50,12:12,15:00,17:27,18:48,05:59,12:15,15:30,17:37,19:15,
2025-02-12,05:18,06:49,12:12,15:01,17:29,18:49,05:58,12:15,15:31,17:39,19:15,
2025-02-13,05:17,06:48,12:12,15:02,17:30,18:50,05:57,12:15,15:32,17:40,19:15,
2025-02-14,05:16,06:47,12:12,15:02,17:31,18:51,05:56,12:15,15:32,17:41,19:15,
2025-02-15,05:14,06:45,12:12,15:03,17:32,18:52,05:54,12:15,15:33,17:42,19:15,
2025-02-16,05:13,06:44,12:12,15:04,17:33,18:53,05:53,13:15,15:34,17:43,19:15,
2025-02-17,05:12,06:43,12:12,15:05,17:34,18:54,05:52,12:15,15:35,17:44,19:15,
2025-02-18,05:11,06:42,12:12,15:06,17:36,18:55,05:51,12:15,15:36,17:46,19:15,
2025-02-19,05:10,06:40,12:12,15:07,17:37,18:56,05:50,12:15,15:37,17:47,19:15,
2025-02-20,05:08,06:39,12:11,15:08,17:38,18:57,05:48,12:15,15:38,17:48,19:15,
2025-02-21,05:07,06:37,12:11,15:08,17:39,18:58,05:47,12:15,15:38,17:49,19:15,
2025-02-22,05:06,06:36,12:11,15:09,17:40,18:59,05:46,12:15,15:39,17:50,19:15,
2025-02-23,05:04,06:35,12:11,15:10,17:41,19:00,05:44,13:15,15:40,17:51,19:15,
2025-02-24,05:03,06:33,12:11,15:11,17:42,19:01,05:43,12:15,15:41,17:52,19:15,
2025-02-25,05:02,06:32,12:11,15:12,17:44,19:02,05:42,12:15,15:42,17:54,19:15,
2025-02-26,05:00,06:30,12:11,15:12,17:45,19:03,05:40,12:15,15:42,17:55,19:15,
2025-02-27,04:59,06:29,12:10,15:13,17:46,19:04,05:39,12:15,15:43,17:56,20:00,RM
2025-02-28,04:57,06:27,12:10,15:14,17:47,19:05,05:27,12:15,15:44,17:57,20:00,
2025-03-01,04:56,06:26,12:10,15:15,17:48,19:06,05:26,12:15,15:45,17:58,20:00,
2025-03-02,04:54,06:24,12:10,15:15,17:49,19:06,05:24,13:15,15:45,17:59,20:00,
2025-03-03,04:53,06:23,12:10,15:16,17:50,19:07,05:23,12:15,15:46,18:00,20:00,
2025-03-04,04:51,06:21,12:09,15:17,17:51,19:08,05:21,12:15,15:47,18:01,20:00,
2025-03-05,04:50,06:20,12:09,15:17,17:52,19:09,05:20,12:15,15:47,18:02,20:00,
2025-03-06,04:48,06:18,12:09,15:18,17:54,19:10,05:18,12:15,15:48,18:04,20:00,
2025-03-07,04:47,06:17,12:09,15:19,17:55,19:11,05:17,12:15,15:49,18:05,20:00,
2025-03-08,04:45,06:15,12:08,15:19,17:56,19:12,05:15,12:15,15:49,18:06,20:00,
2025-03-09,05:43,07:13,13:08,16:20,18:57,20:13,06:13,13:15,16:50,19:07,21:00,
2025-03-10,05:42,07:12,13:08,16:21,18:58,20:14,06:12,13:15,16:51,19:08,21:00,
2025-03-11,05:40,07:10,13:08,16:21,18:59,20:14,06:10,13:15,16:51,19:09,21:00,
2025-03-12,05:39,07:09,13:07,16:22,19:00,20:15,06:09,13:15,16:52,19:10,21:00,
2025-03-13,05:37,07:07,13:07,16:22,19:01,20:16,06:07,13:15,16:52,19:11,21:00,
2025-03-14,05:36,07:05,13:07,16:23,19:02,20:17,06:06,13:15,16:53,19:12,21:00,
2025-03-15,05:34,07:04,13:07,16:24,19:03,20:18,06:04,13:15,16:54,19:13,21:00,
2025-03-16,05:33,07:02,13:06,16:24,19:04,20:19,06:03,13:15,16:54,19:14,21:00,
2025-03-17,05:31,07:01,13:06,16:25,19:05,20:20,06:01,13:15,16:55,19:15,21:00,
2025-03-18,05:30,06:59,13:06,16:25,19:06,20:20,06:00,13:15,16:55,19:16,21:00,
2025-03-19,05:28,06:57,13:05,16:26,19:07,20:21,05:58,13:15,16:56,19:17,21:00,
2025-03-20,05:26,06:56,13:05,16:26,19:08,20:22,05:56,13:15,16:56,19:18,21:00,
2025-03-21,05:25,06:54,13:05,16:27,19:09,20:23,05:55,13:15,16:57,19:19,21:00,
2025-03-22,05:23,06:52,13:05,16:27,19:10,20:24,05:53,13:15,16:57,19:20,21:00,
2025-03-23,05:21,06:51,13:04,16:28,19:11,20:25,05:51,13:15,16:58,19:21,21:00,
2025-03-24,05:20,06:49,13:04,16:28,19:12,20:26,05:50,13:15,16:58,19:22,21:00,
2025-03-25,05:18,06:48,13:04,16:29,19:13,20:26,05:48,13:15,16:59,19:23,21:00,
2025-03-26,05:16,06:46,13:03,16:29,19:14,20:27,05:46,13:15,16:59,19:24,21:00,
2025-03-27,05:14,06:44,13:03,16:29,19:16,20:28,05:44,13:15,16:59,19:26,21:00,
2025-03-28,05:12,06:43,13:03,16:30,19:17,20:29,05:42,13:15,17:00,19:27,21:00,
2025-03-29,05:10,06:41,13:02,16:30,19:18,20:30,05:40,13:15,17:00,19:28,20:45,
2025-03-30,05:09,06:39,13:02,16:31,19:19,20:31,05:49,13:15,17:01,19:29,20:45,
2025-03-31,05:07,06:38,13:02,16:31,19:20,20:31,05:47,13:15,17:01,19:30,20:45,
2025-04-01,05:05,06:36,13:02,16:31,19:21,20:32,05:45,13:15,17:01,19:31,20:45,
2025-04-02,05:03,06:35,13:01,16:32,19:22,20:33,05:43,13:15,17:02,19:32,20:45,
2025-04-03,05:01,06:33,13:01,16:32,19:23,20:34,05:41,13:15,17:02,19:33,20:45,
2025-04-04,05:00,06:31,13:01,16:33,19:24,20:35,05:40,13:15,17:03,19:34,20:45,
2025-04-05,04:58,06:30,13:00,16:33,19:25,20:36,05:38,13:15,17:03,19:35,20:45,
2025-04-06,04:56,06:28,13:00,16:33,19:26,20:37,05:36,13:15,17:03,19:36,20:45,
2025-04-07,04:54,06:27,13:00,16:34,19:27,20:37,05:34,13:15,17:04,19:37,20:50,
2025-04-08,04:52,06:25,13:00,16:34,19:28,20:38,05:32,13:15,17:04,19:38,20:50,
2025-04-09,04:51,06:24,12:59,16:34,19:29,20:39,05:31,13:15,17:04,19:39,20:50,
2025-04-10,04:49,06:22,12:59,16:35,19:30,20:40,05:29,13:15,17:05,19:40,20:50,
2025-04-11,04:47,06:20,12:59,16:35,19:31,20:41,05:27,13:15,17:05,19:41,20:50,
2025-04-12,04:45,06:19,12:59,16:35,19:32,20:42,05:25,13:15,17:05,19:42,20:50,
2025-04-13,04:44,06:17,12:58,16:36,19:33,20:42,05:24,13:15,17:06,19:43,20:50,
2025-04-14,04:42,06:16,12:58,16:36,19:34,20:43,05:22,13:15,17:06,19:44,20:55,
2025-04-15,04:40,06:14,12:58,16:36,19:35,20:44,05:20,13:15,17:06,19:45,20:55,
2025-04-16,04:38,06:13,12:58,16:37,19:36,20:45,05:18,13:15,17:07,19:46,20:55,
2025-04-17,04:37,06:11,12:57,16:37,19:37,20:46,05:17,13:15,17:07,19:47,20:55,
2025-04-18,04:35,06:10,12:57,16:37,19:38,20:47,05:15,13:15,17:07,19:48,20:55,
2025-04-19,04:33,06:08,12:57,16:37,19:39,20:47,05:13,13:15,17:07,19:49,20:55,
2025-04-20,04:32,06:07,12:57,16:38,19:40,20:48,05:12,13:15,17:08,19:50,20:55,
2025-04-21,04:30,06:06,12:56,16:38,19:41,20:49,05:10,13:15,17:08,19:51,21:00,
2025-04-22,04:28,06:04,12:56,16:38,19:42,20:50,05:08,13:15,17:08,19:52,21:00,
2025-04-23,04:27,06:03,12:56,16:39,19:43,20:51,05:07,13:15,17:09,19:53,21:00,
2025-04-24,04:25,06:01,12:56,16:39,19:44,20:52,05:05,13:15,17:09,19:54,21:00,
2025-04-25,04:24,06:00,12:56,16:39,19:45,20:53,05:04,13:15,17:09,19:55,21:00,
2025-04-26,04:22,05:59,12:56,16:39,19:46,20:53,05:02,13:15,17:09,19:56,21:00,
2025-04-27,04:21,05:57,12:55,16:40,19:47,20:54,05:01,13:15,17:10,19:57,21:00,
2025-04-28,04:19,05:56,12:55,16:40,19:48,20:55,04:59,13:15,17:10,19:58,21:05,
2025-04-29,04:18,05:55,12:55,16:40,19:49,20:56,04:58,13:15,17:10,19:59,21:05,
2025-04-30,04:16,05:53,12:55,16:40,19:50,20:57,04:56,13:15,17:10,20:00,21:05,
2025-05-01,04:15,05:52,12:55,16:41,19:51,20:58,04:55,13:15,17:11,20:01,21:05,
2025-05-02,04:13,05:51,12:55,16:41,19:52,20:58,04:53,13:15,17:11,20:02,21:05,
2025-05-03,04:12,05:50,12:55,16:41,19:53,20:59,04:52,13:15,17:11,20:03,21:05,
2025-05-04,04:10,05:49,12:55,16:41,19:54,21:00,04:50,13:15,17:11,20:04,21:05,
2025-05-05,04:09,05:47,12:55,16:42,19:55,21:01,04:49,13:15,17:12,20:05,21:15,
2025-05-06,04:08,05:46,12:54,16:42,19:56,21:02,04:48,13:15,17:12,20:06,21:15,
2025-05-07,04:06,05:45,12:54,16:42,19:57,21:02,04:46,13:15,17:12,20:07,21:15,
2025-05-08,04:05,05:44,12:54,16:42,19:58,21:04,04:45,13:15,17:12,20:08,21:15,
2025-05-09,04:04,05:43,12:54,16:43,19:59,21:05,04:44,13:15,17:13,20:09,21:15,
2025-05-10,04:02,05:42,12:54,16:43,20:00,21:06,04:42,13:15,17:13,20:10,21:15,
2025-05-11,04:01,05:41,12:54,16:43,20:01,21:07,04:41,13:15,17:13,20:11,21:15,
2025-05-12,04:00,05:40,12:54,16:43,20:02,21:09,04:40,13:15,17:13,20:12,21:20,
2025-05-13,03:59,05:39,12:54,16:44,20:03,21:10,04:39,13:15,17:14,20:13,21:20,
2025-05-14,03:57,05:38,12:54,16:44,20:04,21:11,04:37,13:15,17:14,20:14,21:20,
2025-05-15,03:56,05:37,12:54,16:44,20:05,21:12,04:36,13:15,17:14,20:15,21:20,
2025-05-16,03:55,05:36,12:54,16:45,20:06,21:13,04:35,13:15,17:15,20:16,21:20,
2025-05-17,03:54,05:35,12:54,16:45,20:07,21:15,04:34,13:15,17:15,20:17,21:20,
2025-05-18,03:53,05:34,12:54,16:45,20:08,21:16,04:33,13:15,17:15,20:18,21:20,
2025-05-19,03:52,05:34,12:54,16:45,20:09,21:17,04:32,13:15,17:15,20:19,21:30,
2025-05-20,03:51,05:33,12:54,16:46,20:10,21:18,04:31,13:15,17:16,20:20,21:30,
2025-05-21,03:50,05:32,12:55,16:46,20:10,21:19,04:30,13:15,17:16,20:20,21:30,
2025-05-22,03:49,05:31,12:55,16:46,20:11,21:20,04:29,13:15,17:16,20:21,21:30,
2025-05-23,03:48,05:31,12:55,16:46,20:12,21:21,04:28,13:15,17:16,20:22,21:30,
2025-05-24,03:47,05:30,12:55,16:47,20:13,21:22,04:27,13:15,17:17,20:23,21:30,
2025-05-25,03:46,05:29,12:55,16:47,20:14,21:24,04:26,13:15,17:17,20:24,21:30,
2025-05-26,03:45,05:29,12:55,16:47,20:15,21:25,04:25,13:15,17:17,20:25,21:40,
2025-05-27,03:44,05:28,12:55,16:47,20:15,21:26,04:24,13:15,17:17,20:25,21:40,
2025-05-28,03:44,05:28,12:55,16:48,20:16,21:27,04:24,13:15,17:18,20:26,21:40,
2025-05-29,03:43,05:27,12:55,16:48,20:17,21:28,04:23,13:15,17:18,20:27,21:40,
2025-05-30,03:42,05:27,12:55,16:48,20:18,21:29,04:22,13:15,17:18,20:28,21:40,
2025-05-31,03:41,05:26,12:56,16:48,20:19,21:30,04:21,13:15,17:18,20:29,21:40,
2025-06-01,03:41,05:26,12:56,16:49,20:19,21:31,04:21,13:15,17:19,20:29,21:40,
2025-06-02,03:40,05:25,12:56,16:49,20:20,21:32,04:20,13:15,17:19,20:30,21:45,
2025-06-03,03:39,05:25,12:56,16:49,20:21,21:33,04:19,13:15,17:19,20:31,21:45,
2025-06-04,03:39,05:25,12:56,16:50,20:21,21:33,04:19,13:15,17:20,20:31,21:45,
2025-06-05,03:38,05:24,12:56,16:50,20:22,21:34,04:18,13:15,17:20,20:32,21:45,
2025-06-06,03:38,05:24,12:57,16:50,20:23,21:35,04:18,13:15,17:20,20:33,21:45,
2025-06-07,03:37,05:24,12:57,16:50,20:23,21:36,04:17,13:15,17:20,20:33,21:45,
2025-06-08,03:37,05:24,12:57,16:51,20:24,21:37,04:17,13:15,17:21,20:34,21:45,
2025-06-09,03:37,05:23,12:57,16:51,20:24,21:38,04:17,13:15,17:21,20:34,21:50,
2025-06-10,03:36,05:23,12:57,16:51,20:25,21:38,04:16,13:15,17:21,20:35,21:50,
2025-06-11,03:36,05:23,12:58,16:51,20:25,21:39,04:16,13:15,17:21,20:35,21:50,
2025-06-12,03:35,05:23,12:58,16:52,20:26,21:40,04:15,13:15,17:22,20:36,21:50,
2025-06-13,03:35,05:23,12:58,16:52,20:26,21:40,04:15,13:15,17:22,20:36,21:50,
2025-06-14,03:35,05:23,12:58,16:52,20:27,21:41,04:15,13:15,17:22,20:37,21:50,
2025-06-15,03:35,05:23,12:58,16:52,20:27,21:42,04:15,13:15,17:22,20:37,21:50,
2025-06-16,03:35,05:23,12:59,16:53,20:27,21:42,04:15,13:15,17:23,20:37,21:50,
2025-06-17,03:34,05:23,12:59,16:53,20:28,21:43,04:14,13:15,17:23,20:38,21:50,
2025-06-18,03:34,05:23,12:59,16:53,20:28,21:43,04:14,13:15,17:23,20:38,21:50,
2025-06-19,03:34,05:24,12:59,16:53,20:28,21:44,04:14,13:15,17:23,20:38,21:50,
2025-06-20,03:34,05:24,13:00,16:54,20:28,21:44,04:14,13:15,17:24,20:38,21:50,
2025-06-21,03:34,05:24,13:00,16:54,20:29,21:45,04:14,13:15,17:24,20:39,21:50,
2025-06-22,03:34,05:24,13:00,16:54,20:29,21:45,04:14,13:15,17:24,20:39,21:50,
2025-06-23,03:35,05:24,13:00,16:54,20:29,21:45,04:15,13:15,17:24,20:39,21:50,
2025-06-24,03:35,05:25,13:00,16:54,20:29,21:45,04:15,13:15,17:24,20:39,21:50,
2025-06-25,03:36,05:25,13:01,16:55,20:29,21:45,04:16,13:15,17:25,20:39,21:50,
2025-06-26,03:36,05:25,13:01,16:55,20:29,21:45,04:16,13:15,17:25,20:39,21:50,
2025-06-27,03:37,05:26,13:01,16:55,20:29,21:44,04:17,13:15,17:25,20:39,21:50,
2025-06-28,03:38,05:26,13:01,16:55,20:29,21:44,04:18,13:15,17:25,20:39,21:50,
2025-06-29,03:38,05:27,13:01,16:55,20:29,21:44,04:18,13:15,17:25,20:39,21:50,
2025-06-30,03:39,05:27,13:02,16:55,20:29,21:44,04:19,13:15,17:25,20:39,21:50,
2025-07-01,03:40,05:28,13:02,16:56,20:29,21:43,04:20,13:15,17:26,20:39,21:50,
2025-07-02,03:41,05:28,13:02,16:56,20:29,21:43,04:21,13:15,17:26,20:39,21:50,
2025-07-03,03:41,05:29,13:02,16:56,20:29,21:42,04:21,13:15,17:26,20:39,21:50,
2025-07-04,03:42,05:29,13:02,16:56,20:28,21:42,04:22,13:15,17:26,20:38,21:50,
2025-07-05,03:43,05:30,13:03,16:56,20:28,21:41,04:23,13:15,17:26,20:38,21:50,
2025-07-06,03:44,05:30,13:03,16:56,20:28,21:41,04:24,13:15,17:26,20:38,21:50,
2025-07-07,03:45,05:31,13:03,16:56,20:28,21:40,04:25,13:15,17:26,20:38,21:45,
2025-07-08,03:46,05:32,13:03,16:56,20:27,21:40,04:26,13:15,17:26,20:37,21:45,
2025-07-09,03:46,05:32,13:03,16:56,20:27,21:39,04:26,13:15,17:26,20:37,21:45,
2025-07-10,03:47,05:33,13:03,16:56,20:26,21:39,04:27,13:15,17:26,20:36,21:45,
2025-07-11,03:48,05:34,13:03,16:56,20:26,21:38,04:28,13:15,17:26,20:36,21:45,
2025-07-12,03:49,05:34,13:04,16:56,20:25,21:37,04:29,13:15,17:26,20:35,21:45,
2025-07-13,03:50,05:35,13:04,16:56,20:25,21:36,04:30,13:15,17:26,20:35,21:45,
2025-07-14,03:51,05:36,13:04,16:56,20:24,21:36,04:31,13:15,17:26,20:34,21:40,
2025-07-15,03:52,05:37,13:04,16:56,20:24,21:35,04:32,13:15,17:26,20:34,21:40,
2025-07-16,03:53,05:37,13:04,16:56,20:23,21:34,04:33,13:15,17:26,20:33,21:40,
2025-07-17,03:54,05:38,13:04,16:56,20:23,21:33,04:34,13:15,17:26,20:33,21:40,
2025-07-18,03:55,05:39,13:04,16:56,20:22,21:32,04:35,13:15,17:26,20:32,21:40,
2025-07-19,03:56,05:40,13:04,16:56,20:21,21:31,04:36,13:15,17:26,20:31,21:40,
2025-07-20,03:57,05:41,13:04,16:56,20:20,21:30,04:37,13:15,17:26,20:30,21:40,
2025-07-21,03:59,05:42,13:04,16:56,20:20,21:29,04:39,13:15,17:26,20:30,21:35,
2025-07-22,04:00,05:42,13:04,16:55,20:19,21:28,04:40,13:15,17:25,20:29,21:35,
2025-07-23,04:01,05:43,13:04,16:55,20:18,21:27,04:41,13:15,17:25,20:28,21:35,
2025-07-24,04:02,05:44,13:04,16:55,20:17,21:26,04:42,13:15,17:25,20:27,21:35,
2025-07-25,04:03,05:45,13:04,16:55,20:16,21:25,04:43,13:15,17:25,20:26,21:35,
2025-07-26,04:04,05:46,13:04,16:55,20:15,21:24,04:44,13:15,17:25,20:25,21:35,
2025-07-27,04:05,05:47,13:04,16:54,20:15,21:23,04:45,13:15,17:24,20:25,21:35,
2025-07-28,04:06,05:48,13:04,16:54,20:14,21:21,04:46,13:15,17:24,20:24,21:25,
2025-07-29,04:08,05:49,13:04,16:54,20:13,21:20,04:48,13:15,17:24,20:23,21:25,
2025-07-30,04:09,05:50,13:04,16:54,20:12,21:19,04:49,13:15,17:24,20:22,21:25,
2025-07-31,04:10,05:50,13:04,16:53,20:11,21:18,04:50,13:15,17:23,20:21,21:25,
2025-08-01,04:11,05:51,13:04,16:53,20:10,21:16,04:51,13:15,17:23,20:20,21:25,
2025-08-02,04:12,05:52,13:04,16:52,20:08,21:15,04:52,13:15,17:22,20:18,21:25,
2025-08-03,04:13,05:53,13:04,16:52,20:07,21:14,04:53,13:15,17:22,20:17,21:25,
2025-08-04,04:15,05:54,13:04,16:52,20:06,21:12,04:55,13:15,17:22,20:16,21:20,
2025-08-05,04:16,05:55,13:04,16:51,20:05,21:11,04:56,13:15,17:21,20:15,21:20,
2025-08-06,04:17,05:56,13:04,16:51,20:04,21:09,04:57,13:15,17:21,20:14,21:20,
2025-08-07,04:18,05:57,13:04,16:50,20:03,21:08,04:58,13:15,17:20,20:13,21:20,
2025-08-08,04:19,05:58,13:03,16:50,20:01,21:07,04:59,13:15,17:20,20:11,21:20,
2025-08-09,04:20,05:59,13:03,16:49,20:00,21:06,05:00,13:15,17:19,20:10,21:20,
2025-08-10,04:22,06:00,13:03,16:49,19:59,21:05,05:02,13:15,17:19,20:09,21:20,
2025-08-11,04:23,06:01,13:03,16:48,19:58,21:04,05:03,13:15,17:18,20:08,21:10,
2025-08-12,04:24,06:02,13:03,16:48,19:56,21:02,05:04,13:15,17:18,20:06,21:10,
2025-08-13,04:25,06:03,13:03,16:47,19:55,21:01,05:05,13:15,17:17,20:05,21:10,
2025-08-14,04:26,06:04,13:02,16:47,19:54,21:00,05:06,13:15,17:17,20:04,21:10,
2025-08-15,04:27,06:05,13:02,16:46,19:52,20:59,05:07,13:15,17:16,20:02,21:10,
2025-08-16,04:29,06:06,13:02,16:45,19:51,20:58,05:09,13:15,17:15,20:01,21:10,
2025-08-17,04:30,06:07,13:02,16:45,19:50,20:57,05:10,13:15,17:15,20:00,21:10,
2025-08-18,04:31,06:08,13:02,16:44,19:48,20:55,05:11,13:15,17:14,19:58,21:00,
2025-08-19,04:32,06:09,13:01,16:43,19:47,20:54,05:12,13:15,17:13,19:57,21:00,
2025-08-20,04:33,06:09,13:01,16:43,19:45,20:53,05:13,13:15,17:13,19:55,21:00,
2025-08-21,04:34,06:10,13:01,16:42,19:44,20:52,05:14,13:15,17:12,19:54,21:00,
2025-08-22,04:36,06:11,13:01,16:41,19:42,20:50,05:16,13:15,17:11,19:52,21:00,
2025-08-23,04:37,06:12,13:00,16:40,19:41,20:49,05:17,13:15,17:10,19:51,21:00,
2025-08-24,04:38,06:13,13:00,16:40,19:39,20:48,05:18,13:15,17:10,19:49,21:00,
2025-08-25,04:39,06:14,13:00,16:39,19:38,20:46,05:19,13:15,17:09,19:48,20:50,
2025-08-26,04:40,06:15,13:00,16:38,19:36,20:45,05:20,13:15,17:08,19:46,20:50,
2025-08-27,04:41,06:16,12:59,16:37,19:35,20:44,05:21,13:15,17:07,19:45,20:50,
2025-08-28,04:43,06:17,12:59,16:36,19:33,20:42,05:23,13:15,17:06,19:43,20:50,
2025-08-29,04:44,06:18,12:59,16:36,19:32,20:41,05:24,13:15,17:06,19:42,20:50,
2025-08-30,04:45,06:19,12:58,16:35,19:30,20:39,05:25,13:15,17:05,19:40,20:50,
2025-08-31,04:46,06:20,12:58,16:34,19:29,20:38,05:26,13:15,17:04,19:39,20:50,
2025-09-01,04:47,06:21,12:58,16:33,19:27,20:37,05:27,13:15,17:03,19:37,20:45,
2025-09-02,04:48,06:22,12:57,16:32,19:25,20:35,05:28,13:15,17:02,19:35,20:45,
2025-09-03,04:50,06:23,12:57,16:31,19:24,20:34,05:30,13:15,17:01,19:34,20:45,
2025-09-04,04:51,06:24,12:57,16:30,19:22,20:32,05:31,13:15,17:00,19:32,20:45,
2025-09-05,04:52,06:25,12:56,16:29,19:20,20:31,05:32,13:15,16:59,19:30,20:45,
2025-09-06,04:53,06:26,12:56,16:28,19:19,20:30,05:33,13:15,16:58,19:29,20:45,
2025-09-07,04:54,06:27,12:56,16:27,19:17,20:28,05:34,13:15,16:57,19:27,20:45,
2025-09-08,04:55,06:27,12:55,16:26,19:16,20:27,05:35,13:15,16:56,19:26,20:35,
2025-09-09,04:57,06:28,12:55,16:25,19:14,20:25,05:37,13:15,16:55,19:24,20:35,
2025-09-10,04:58,06:29,12:55,16:24,19:12,20:24,05:38,13:15,16:54,19:22,20:35,
2025-09-11,04:59,06:30,12:54,16:23,19:11,20:22,05:39,13:15,16:53,19:21,20:35,
2025-09-12,05:00,06:31,12:54,16:22,19:09,20:21,05:40,13:15,16:52,19:19,20:35,
2025-09-13,05:01,06:32,12:54,16:21,19:07,20:19,05:41,13:15,16:51,19:17,20:35,
2025-09-14,05:02,06:33,12:53,16:20,19:06,20:18,05:42,13:15,16:50,19:16,20:35,
2025-09-15,05:03,06:34,12:53,16:19,19:04,20:16,05:43,13:15,16:49,19:14,20:20,
2025-09-16,05:05,06:35,12:53,16:18,19:02,20:15,05:45,13:15,16:48,19:12,20:20,
2025-09-17,05:06,06:36,12:52,16:17,19:01,20:13,05:46,13:15,16:47,19:11,20:20,
2025-09-18,05:07,06:37,12:52,16:16,18:59,20:12,05:47,13:15,16:46,19:09,20:20,
2025-09-19,05:08,06:38,12:51,16:14,18:57,20:10,05:48,13:15,16:44,19:07,20:20,
2025-09-20,05:09,06:39,12:51,16:13,18:56,20:09,05:49,13:15,16:43,19:06,20:20,
2025-09-21,05:10,06:40,12:51,16:12,18:54,20:07,05:50,13:15,16:42,19:04,20:20,
2025-09-22,05:12,06:41,12:50,16:11,18:52,20:06,05:52,13:15,16:41,19:02,20:15,
2025-09-23,05:12,06:42,12:50,16:10,18:51,20:04,05:52,13:15,16:40,19:01,20:15,
2025-09-24,05:13,06:43,12:50,16:09,18:49,20:03,05:53,13:15,16:39,18:59,20:15,
2025-09-25,05:14,06:44,12:49,16:08,18:47,20:01,05:54,13:15,16:38,18:57,20:15,
2025-09-26,05:15,06:45,12:49,16:06,18:46,20:00,05:55,13:15,16:36,18:56,20:15,
2025-09-27,05:16,06:46,12:49,16:05,18:44,19:59,05:56,13:15,16:35,18:54,20:15,
2025-09-28,05:17,06:47,12:48,16:04,18:42,19:57,05:57,13:15,16:34,18:52,20:15,
2025-09-29,05:18,06:48,12:48,16:03,18:41,19:56,05:58,13:15,16:33,18:51,20:15,
2025-09-30,05:19,06:49,12:48,16:02,18:39,19:54,05:59,13:15,16:32,18:49,20:15,
2025-10-01,05:20,06:50,12:47,16:01,18:38,19:53,06:00,13:15,16:31,18:48,20:15,
2025-10-02,05:21,06:51,12:47,15:59,18:36,19:51,06:01,13:15,16:29,18:46,20:15,
2025-10-03,05:22,06:52,12:47,15:58,18:34,19:50,06:02,13:15,16:28,18:44,20:15,
2025-10-04,05:22,06:53,12:46,15:57,18:33,19:48,06:02,13:15,16:27,18:43,20:15,
2025-10-05,05:23,06:54,12:46,15:56,18:31,19:47,06:03,13:15,16:26,18:41,20:15,
2025-10-06,05:24,06:55,12:46,15:55,18:30,19:46,06:04,13:15,16:25,18:40,20:15,
2025-10-07,05:25,06:56,12:46,15:54,18:28,19:44,06:05,13:15,16:24,18:38,20:15,
2025-10-08,05:26,06:57,12:45,15:52,18:26,19:43,06:06,13:15,16:22,18:36,20:15,
2025-10-09,05:27,06:58,12:45,15:51,18:25,19:41,06:07,13:15,16:21,18:35,20:15,
2025-10-10,05:29,06:59,12:45,15:50,18:23,19:40,06:09,13:15,16:20,18:33,20:15,
2025-10-11,05:30,07:00,12:44,15:49,18:22,19:39,06:10,13:15,16:19,18:32,20:15,
2025-10-12,05:31,07:01,12:44,15:48,18:20,19:37,06:11,13:15,16:18,18:30,20:15,
2025-10-13,05:32,07:02,12:44,15:47,18:19,19:36,06:12,13:15,16:17,18:29,20:15,
2025-10-14,05:33,07:03,12:44,15:45,18:17,19:35,06:13,13:15,16:15,18:27,20:15,
2025-10-15,05:34,07:04,12:44,15:44,18:16,19:33,06:14,13:15,16:14,18:26,20:15,
2025-10-16,05:35,07:05,12:43,15:43,18:14,19:32,06:15,13:15,16:13,18:24,20:15,
2025-10-17,05:36,07:06,12:43,15:42,18:13,19:31,06:16,13:15,16:12,18:23,20:15,
2025-10-18,05:37,07:07,12:43,15:41,18:11,19:30,06:17,13:15,16:11,18:21,20:15,
2025-10-19,05:38,07:08,12:43,15:40,18:10,19:28,06:18,13:15,16:10,18:20,20:15,
2025-10-20,05:39,07:09,12:43,15:39,18:08,19:27,06:19,13:15,16:09,18:18,20:15,
2025-10-21,05:40,07:10,12:42,15:38,18:07,19:26,06:20,13:15,16:08,18:17,20:15,
2025-10-22,05:41,07:11,12:42,15:36,18:06,19:25,06:21,13:15,16:06,18:16,20:15,
2025-10-23,05:42,07:12,12:42,15:35,18:04,19:24,06:22,13:15,16:05,18:14,20:15,
2025-10-24,05:43,07:14,12:42,15:34,18:03,19:22,06:23,13:15,16:04,18:13,20:15,
2025-10-25,05:44,07:15,12:42,15:33,18:02,19:21,06:24,13:15,16:03,18:12,20:15,
2025-10-26,05:45,07:16,12:42,15:32,18:00,19:20,06:25,13:15,16:02,18:10,20:15,
2025-10-27,05:46,07:17,12:42,15:31,17:59,19:19,06:26,13:15,16:01,18:09,20:15,
2025-10-28,05:47,07:18,12:42,15:30,17:58,19:18,06:27,13:15,16:00,18:08,20:15,
2025-10-29,05:48,07:19,12:42,15:29,17:56,19:17,06:28,13:15,15:59,18:06,20:15,
2025-10-30,05:49,07:20,12:41,15:28,17:55,19:16,06:29,13:15,15:58,18:05,20:15,
2025-10-31,05:50,07:21,12:41,15:27,17:54,19:15,06:30,13:15,15:57,18:04,20:15,
2025-11-01,05:51,07:23,12:41,15:26,17:53,19:14,06:31,13:15,15:56,18:03,20:15,
2025-11-02,04:52,06:24,11:41,14:25,16:52,18:13,05:32,13:15,14:55,17:02,19:15,
2025-11-03,04:53,06:25,11:41,14:25,16:50,18:12,05:33,12:15,14:55,17:00,19:15,
2025-11-04,04:54,06:26,11:41,14:24,16:49,18:11,05:34,12:15,14:54,16:59,19:15,
2025-11-05,04:55,06:27,11:41,14:23,16:48,18:10,05:35,12:15,14:53,16:58,19:15,
2025-11-06,04:56,06:28,11:41,14:22,16:47,18:09,05:36,12:15,14:52,16:57,19:15,
2025-11-07,04:57,06:29,11:42,14:21,16:46,18:08,05:37,12:15,14:51,16:56,19:15,
2025-11-08,04:58,06:31,11:42,14:20,16:45,18:08,05:38,12:15,14:50,16:55,19:15,
2025-11-09,04:59,06:32,11:42,14:20,16:44,18:07,05:39,13:15,14:50,16:54,19:15,
2025-11-10,05:00,06:33,11:42,14:19,16:43,18:06,05:40,12:15,14:49,16:53,19:15,
2025-11-11,05:01,06:34,11:42,14:18,16:42,18:05,05:41,12:15,14:48,16:52,19:15,
2025-11-12,05:02,06:35,11:42,14:17,16:41,18:05,05:42,12:15,14:47,16:51,19:15,
2025-11-13,05:03,06:36,11:42,14:17,16:41,18:04,05:43,12:15,14:47,16:51,19:15,
2025-11-14,05:04,06:37,11:42,14:16,16:40,18:03,05:44,12:15,14:46,16:50,19:15,
2025-11-15,05:05,06:39,11:43,14:15,16:39,18:03,05:45,12:15,14:45,16:49,19:15,
2025-11-16,05:07,06:40,11:43,14:15,16:38,18:02,05:47,13:15,14:45,16:48,19:15,
2025-11-17,05:08,06:41,11:43,14:14,16:37,18:02,05:48,12:15,14:44,16:47,19:15,
2025-11-18,05:09,06:42,11:43,14:14,16:37,18:01,05:49,12:15,14:44,16:47,19:15,
2025-11-19,05:10,06:43,11:43,14:13,16:36,18:01,05:50,12:15,14:43,16:46,19:15,
2025-11-20,05:11,06:44,11:44,14:13,16:35,18:00,05:51,12:15,14:43,16:45,19:15,
2025-11-21,05:12,06:45,11:44,14:12,16:35,18:00,05:52,12:15,14:42,16:45,19:15,
2025-11-22,05:13,06:47,11:44,14:12,16:34,17:59,05:53,12:15,14:42,16:44,19:15,
2025-11-23,05:14,06:48,11:44,14:11,16:34,17:59,05:54,13:15,14:41,16:44,19:15,
2025-11-24,05:15,06:49,11:45,14:11,16:33,17:59,05:55,12:15,14:41,16:43,19:15,
2025-11-25,05:16,06:50,11:45,14:11,16:33,17:58,05:56,12:15,14:41,16:43,19:15,
2025-11-26,05:17,06:51,11:45,14:10,16:32,17:58,05:57,12:15,14:40,16:42,19:15,
2025-11-27,05:18,06:52,11:46,14:10,16:32,17:58,05:58,12:15,14:40,16:42,19:15,
2025-11-28,05:19,06:53,11:46,14:10,16:32,17:58,05:59,12:15,14:40,16:42,19:15,
2025-11-29,05:20,06:54,11:46,14:10,16:31,17:58,06:00,12:15,14:40,16:41,19:15,
2025-11-30,05:21,06:55,11:47,14:09,16:31,17:58,06:01,13:15,14:39,16:41,19:15,
2025-12-01,05:22,06:56,11:47,14:09,16:31,17:57,06:02,12:15,14:39,16:41,19:15,
2025-12-02,05:23,06:57,11:47,14:09,16:31,17:57,06:03,12:15,14:39,16:41,19:15,
2025-12-03,05:24,06:58,11:48,14:09,16:30,17:57,06:04,12:15,14:39,16:40,19:15,
2025-12-04,05:24,06:59,11:48,14:09,16:30,17:58,06:04,12:15,14:39,16:40,19:15,
2025-12-05,05:25,07:00,11:49,14:09,16:30,17:58,06:05,12:15,14:39,16:40,19:15,
2025-12-06,05:26,07:01,11:49,14:09,16:30,17:58,06:06,12:15,14:39,16:40,19:15,
2025-12-07,05:27,07:02,11:50,14:09,16:30,17:58,06:07,13:15,14:39,16:40,19:15,
2025-12-08,05:28,07:03,11:50,14:09,16:30,17:58,06:08,12:15,14:39,16:40,19:15,
2025-12-09,05:29,07:03,11:50,14:09,16:30,17:58,06:09,12:15,14:39,16:40,19:15,
2025-12-10,05:29,07:04,11:51,14:09,16:30,17:59,06:09,12:15,14:39,16:40,19:15,
2025-12-11,05:30,07:05,11:51,14:10,16:30,17:59,06:10,12:15,14:40,16:40,19:15,
2025-12-12,05:31,07:06,11:52,14:10,16:31,17:59,06:11,12:15,14:40,16:41,19:15,
2025-12-13,05:31,07:07,11:52,14:10,16:31,18:00,06:11,12:15,14:40,16:41,19:15,
2025-12-14,05:32,07:07,11:53,14:10,16:31,18:00,06:12,12:15,14:40,16:41,19:15,
2025-12-15,05:33,07:08,11:53,14:11,16:31,18:01,06:13,12:15,14:41,16:41,19:15,
2025-12-16,05:33,07:09,11:54,14:11,16:32,18:01,06:13,12:15,14:41,16:42,19:15,
2025-12-17,05:34,07:09,11:54,14:11,16:32,18:02,06:14,12:15,14:41,16:42,19:15,
2025-12-18,05:34,07:10,11:55,14:12,16:32,18:02,06:14,12:15,14:42,16:42,19:15,
2025-12-19,05:35,07:11,11:55,14:12,16:33,18:03,06:15,12:15,14:42,16:43,19:15,
2025-12-20,05:35,07:11,11:56,14:13,16:33,18:04,06:15,12:15,14:43,16:43,19:15,
2025-12-21,05:36,07:12,11:56,14:13,16:34,18:04,06:16,12:15,14:43,16:44,19:15,
2025-12-22,05:36,07:12,11:57,14:14,16:34,18:05,06:16,12:15,14:44,16:44,19:15,
2025-12-23,05:37,07:13,11:57,14:14,16:35,18:05,06:17,12:15,14:44,16:45,19:15,
2025-12-24,05:37,07:13,11:58,14:15,16:35,18:05,06:17,12:15,14:45,16:45,19:15,
2025-12-25,05:38,07:13,11:58,14:15,16:36,18:06,06:18,12:15,14:45,16:46,19:15,
2025-12-26,05:38,07:14,11:59,14:16,16:37,18:06,06:18,12:15,14:46,16:47,19:15,
2025-12-27,05:39,07:14,11:59,14:17,16:37,18:07,06:19,12:15,14:47,16:47,19:15,
2025-12-28,05:39,07:14,12:00,14:17,16:38,18:07,06:19,12:15,14:47,16:48,19:15,
2025-12-29,05:39,07:15,12:00,14:18,16:39,18:08,06:19,12:15,14:48,16:49,19:15,
2025-12-30,05:40,07:15,12:01,14:19,16:40,18:09,06:20,12:15,14:49,16:50,19:15,
2025-12-31,05:40,07:15,12:01,14:19,16:40,18:09,06:20,12:15,14:49,16:50,19:15,